{
    "linear_regression": {
        "RMSE": 0.7455813830127758,
        "R2": 0.5757877060324514,
        "MSE": 0.5558915986952435
    },
    "random_forest_regressor": {
        "RMSE": 0.680290673488139,
        "R2": 0.6468313266166683,
        "MSE": 0.46279540043494566
    },
    "gradient_boosting_regressor": {
        "RMSE": 0.4976450266332247,
        "R2": 0.8110127626985352,
        "MSE": 0.24765057253278291
    }
}