{
    "linear_regression": {
        "RMSE": 0.7447742640862024,
        "R2": 0.5767056593356362,
        "MSE": 0.5546887044451443
    },
    "random_forest_regressor": {
        "RMSE": 0.6798707068513699,
        "R2": 0.6472672381602012,
        "MSE": 0.4622241780345813
    },
    "gradient_boosting_regressor": {
        "RMSE": 0.4837940508580053,
        "R2": 0.8213865384532109,
        "MSE": 0.23405668364559823
    }
}