{
    "linear_regression": {
        "RMSE": 0.8045916260699324,
        "R2": 0.5059804263468282,
        "MSE": 0.6473676847418579
    },
    "random_forest_regressor": {
        "RMSE": 0.6884467230709318,
        "R2": 0.6383122381049698,
        "MSE": 0.47395889050710427
    },
    "gradient_boosting_regressor": {
        "RMSE": 0.5914414050478282,
        "R2": 0.7330581967817967,
        "MSE": 0.3498029356049491
    }
}