{
    "linear_regression": {
        "RMSE": 0.7455813830127758,
        "R2": 0.5757877060324514,
        "MSE": 0.5558915986952435
    },
    "random_forest_regressor": {
        "RMSE": 0.680290673488139,
        "R2": 0.6468313266166683,
        "MSE": 0.46279540043494566
    },
    "gradient_boosting_regressor": {
        "RMSE": 0.5422152016168362,
        "R2": 0.7756446042829697,
        "MSE": 0.2939973248643864
    }
}