{
    "linear_regression": {
        "RMSE": 1.0566857001432681,
        "R2": 0.1479113105694846,
        "MSE": 1.116584668887269
    },
    "random_forest_regressor": {
        "RMSE": 0.8043004094787531,
        "R2": 0.506337975830957,
        "MSE": 0.64689914868769
    },
    "gradient_boosting_regressor": {
        "RMSE": 0.5316951201512814,
        "R2": 0.7842660532041049,
        "MSE": 0.2826997007926855
    }
}